{
  "version": 1,
  "W": [
    [
      0.8863327748042338,
      0.0628904270081395,
      0.18581263027103603,
      0.17626968275889446,
      0.9228959510654835,
      0.4295999124917649,
      0.0792443303986379,
      -0.00626162242790347,
      -0.6139712131945793,
      0.8804525778286942,
      -5.190161365617002,
      -2.1224430151851705,
      -3.481228022124709,
      6.822062593813587
    ],
    [
      0.49457820650522855,
      0.17627210209446298,
      -0.4164606682283447,
      0.15352121721346676,
      0.45078454810944124,
      0.13911672276068895,
      0.45823449381855613,
      0.6609902872153404,
      1.7243631959125933,
      -0.29463176752346987,
      -0.995595586698286,
      -0.45198305838940417,
      0.8242687363516931,
      2.8734236474841413
    ],
    [
      -1.3809109813094613,
      -0.23916252910260366,
      0.23064803795730923,
      -0.3297908999723609,
      -1.373680499174925,
      -0.5687166352524543,
      -0.5374788242171947,
      -0.654728664787438,
      -1.1103919827180133,
      -0.5858208103052249,
      6.185756952315285,
      2.5744260735745734,
      2.656959285773016,
      -8.695486241297724
    ]
  ],
  "n_features": 14,
  "n_samples": 166,
  "categories": [
    "horizontal",
    "45_deg",
    "vertical"
  ],
  "train_acc_linear": 0.8494,
  "vertical_wh_max": 0.82,
  "dataset": "/Users/hubertszczecinski/STUDIA/Droniada/dataset",
  "sample_stems": [
    "img_0",
    "img_1",
    "img_10",
    "img_100",
    "img_101",
    "img_102",
    "img_103",
    "img_104",
    "img_105",
    "img_106",
    "img_107",
    "img_108",
    "img_109",
    "img_11",
    "img_110",
    "img_111",
    "img_112",
    "img_113",
    "img_114",
    "img_115"
  ]
}