{
  "version": 1,
  "W": [
    [
      -0.06632568687264162,
      -0.0053234738675013715,
      -0.39087111351956894,
      0.3723796389657229,
      -0.20692113038522603,
      0.16629278631464622,
      0.37916503763614134,
      -0.37287919026619143,
      0.5470626634770897,
      -0.9850435501358571,
      1.0664991084278574
    ],
    [
      -0.29667458457175583,
      -0.15779231632765794,
      0.3034431566502447,
      0.6095158918873353,
      -0.49438689023829957,
      -0.29131478419813456,
      -0.17570638292820037,
      0.19420309063770494,
      -0.6564027655325676,
      -0.46029450336297667,
      -0.04313824165101909
    ],
    [
      0.36300027144439784,
      0.16311579019515934,
      0.087427956869325,
      -0.9818955308530585,
      0.7013080206235252,
      0.1250219978834881,
      -0.20345865470794153,
      0.17867609962848618,
      0.10934010205547644,
      1.4453380534988343,
      -0.02336086677684022
    ]
  ],
  "feature_dim": 11,
  "theta_t01": 45.0,
  "theta_t12": 60.0,
  "train_acc_linear": 0.91,
  "train_acc_theta": 0.54,
  "n_samples": 300
}